Name,Age,City,Email
YeQozaDy,29,eounRu,YwJJhSNNTq@example.com
YCKZxzFx,48,ShshaK,hQHsaNMgMe@example.com
rBOEiXgw,51,efpiYC,NeTnCWFmgV@example.com
ahNSBbIE,57,PIQuqu,IKsyyRRqZF@example.com
Yittxgos,39,aPwaYG,OVAQaJEvLv@example.com
NfswvjXg,40,UawAKa,aRcZMcCoVP@example.com
OLvYmYts,41,euVZfg,JWoLrrcXCN@example.com
KmdcEgnM,29,yEITIj,atRavRyyoy@example.com
TZGcKNsM,50,kGyYox,ckyHfEomUj@example.com
tGHOSuqR,53,XeDmIE,ZfRZjoKtHX@example.com
wAnCRXel,43,rthHKK,AdPTxINYpX@example.com
huOoCjzw,65,xxEeIi,kuyltpBRNC@example.com
WcNPBUOv,38,ncFTdB,GnHjnGurAc@example.com
fkAVaFbE,54,ZmuyYY,muxOVcfZHK@example.com
ZQENXwFE,27,PSithF,eaeWFvRFEJ@example.com
XTMCzooN,31,UbSHdl,AabEJXNRTg@example.com
veJSnpVz,52,biCqeb,iEXwEwpKCQ@example.com
UIMvYNwF,63,vcArtv,KBeAIRjySG@example.com
GPoLUoyT,34,EsKiow,qIUtOgywFV@example.com
dscrsYwI,38,LkKzAi,yUoZvswfxv@example.com
ZHhBeVuM,63,PogPDs,CixRmNlipR@example.com
tOvDnwwF,49,katcfR,wSNdoKjnRq@example.com
fAfirpeP,47,qqeLhd,lCUeomnPzs@example.com
hnyyBCLc,23,fBsbRj,CUDyzlSeSL@example.com
kALbZnsY,45,GULklX,PmtMiMcrwT@example.com
SUsijhXV,43,DtWmEr,pQCzCDlTql@example.com
RkXQLVSX,43,AULrFW,FxkUKkJlfe@example.com
SHHjxMTK,43,ZoQQzb,XEKwlBQSIu@example.com
WWafVQDW,42,AphGLA,HIHChTStyA@example.com
cGKMqVCX,42,zZNDVq,KlnYftWzzr@example.com
SsCbpHrj,42,sxBPjk,ORmyKWjCeF@example.com
ZBPutRMF,41,IHrqnU,pWEFFBePts@example.com
DiIzmPIo,43,zOeTtn,kQCpxHNwLg@example.com
oHXKFSEO,46,PMLBhw,rdePDEedmG@example.com
fejdoMKD,38,pZenfh,CLUUvAQLag@example.com
rCwekqiC,25,JPdsCX,YONwwpBEFE@example.com
dORTkaJm,58,JZEgwy,zTjQhpSjLH@example.com
XhwPlkrN,47,uROxuF,JXxYeezWGh@example.com
XMtanwAF,20,FQTyob,fFRHrHHLUE@example.com
eYZXQuTW,60,VsEZhW,RxJEcJJRIK@example.com
hoILVwqf,41,TosLtj,hIVGCsKgOt@example.com
dbaRxfnn,64,QCSsYk,fkDErZsESw@example.com
fgOHJHvr,37,pIPYmj,mcoNbnJTLU@example.com
HETViduC,23,bdLodS,AhEtXzZvff@example.com
qyuisfXc,19,VdDYMj,XzMQdewJay@example.com
RuZOqGQM,59,orXRFw,FFLXVzFVkE@example.com
LvCaLnvl,30,vPKOXV,dvSdsrwhcO@example.com
yZeusaBd,51,mpPCQU,mpRxHIZIKN@example.com
HSiERJkx,49,TVmRNh,ggtPdqrgbC@example.com
nYBxUWas,18,OXNCec,UHuMeKzVVt@example.com
mCBYivsR,28,MZIlpu,ovoDVuppWJ@example.com
vfvpOzIu,34,scEzVX,IsfmpwjZZu@example.com
JwaMIPqh,33,yDOErH,fzVXdMxzgo@example.com
oyTkRbgp,37,hdzTiT,tppuiuAcrI@example.com
cAsttbog,44,XJWnXC,ZAcMYfegpj@example.com
FcjHyBZi,45,RCQSbu,eXEzcGJfTO@example.com
RrkvtNrl,56,gFXAYO,qeDgUMTgJP@example.com
zSXOVNvQ,29,vTiyqb,qgZHXNcPkd@example.com
sXrinNSc,28,SMKTmo,klecIijDIL@example.com
pgAabydP,32,biZVCs,zQIbIXmOUB@example.com
bHHfyyDX,41,cQniGh,CnHVfjaXIM@example.com
SwhajfkS,63,hZErQO,cgMrfhPeye@example.com
QqAIUSjw,18,AsTpie,clXUOCAkxy@example.com
lFwrBkVd,43,RlYGYG,RVrrHavjwA@example.com
ZrJQKFPM,54,ntbCVe,zZDbhNbEhs@example.com
eNHAHAXv,57,HOuyWl,QTfynrBnRs@example.com
NdxvNunv,40,oXUiMo,xqOYrJjGiK@example.com
hyrsAUpJ,48,FanXek,VduAZxpwHv@example.com
icnQWbXb,42,rEaLtl,WAUhLjqaIp@example.com
enajTSvw,29,iLYXwB,fwSOJLcFqz@example.com
JmxfhDsU,57,XoJJtR,sANSSzEDAf@example.com
UjwUWyAD,41,xPtvFF,EJZuOItcCG@example.com
njAznbOE,35,guUkyr,rhTzuryrmB@example.com
BCSzIPVN,19,hMjLlD,DWScLjWWQG@example.com
DODxpRlv,21,VPIQIK,QsjOQgftqT@example.com
zuqNVhNj,25,jrsYZo,kdQeCTldBK@example.com
SeCUHHLh,23,AVmjcN,SCRnIltlcr@example.com
rAHPJMCV,41,QmnQOk,xzdUUTgMrB@example.com
aJoiEqxx,22,IykAKY,uiOiUhnSDj@example.com
lqHKGDOh,29,nhWjCA,JONtSpmADY@example.com
IohcLJsx,38,ZBOybB,CGzwYgFhtW@example.com
NptzHYvw,44,ufcevg,YgMUzlkGgx@example.com
oFMFmbIk,40,FAisuZ,OcGRzWxFwW@example.com
cVTdgZKi,61,yIJBxi,cEtLRpljPx@example.com
YOqfKitf,51,veXvBN,CYLDUepRrX@example.com
OumiEHAk,63,ZFEtir,LnRXawZpRn@example.com
aYGROvWb,61,jDbqoj,bxtVKieOiS@example.com
yRLYMxAQ,57,biulOD,lawFyjufiO@example.com
uAMWkhNp,38,pWOOcr,uMJmJaqZCN@example.com
BcrFJkXu,41,jjGpgV,LmhAaCZgLt@example.com
COKgJFvU,51,hlGuFm,UeOWWvALgG@example.com
TAFYwyQq,30,yviaFy,qNgtLjCAQB@example.com
FXLFMnFZ,44,dcxqCD,bVLFdWWYkH@example.com
ALhKqtZl,27,TVbCdF,UWRcQFFCin@example.com
JKFshjIv,40,pBPUww,TZnbCiMZFl@example.com
fpRuDdPV,28,kSVqwJ,rPaTMRsiLf@example.com
iPFhikVr,65,MRbJhA,dikHwDFxUF@example.com
SJPKGeMF,54,YNzdie,mvGzrdXVgI@example.com
HYEXAQVu,38,Tzacfl,UOlIfrzJGI@example.com
eTAhkXKv,34,VwhyVk,rjuUzFkLXh@example.com
